[
  {
    "nome": "Magic Kingdom",
    "localizacao": "Orlando, Flórida, EUA",
    "descricao": "Parte do Walt Disney World Resort, é um dos parques temáticos mais visitados do mundo, famoso pelo Castelo da Cinderela.",
    "urlImagem": "https://s2.glbimg.com/grcDswhIvM5Bt3V0x6BHBY3J15A=/620x413/smart/e.glbimg.com/og/ed/f/original/2021/09/30/look_dos_personagens_2_1.jpg"
  },
  {
    "nome": "Disneyland Park",
    "localizacao": "Anaheim, Califórnia, EUA",
    "descricao": "O primeiro parque construído por Walt Disney, aberto em 1955, conhecido pelo Castelo da Bela Adormecida.",
    "urlImagem": "https://cdn1.parksmedia.wdprapps.disney.com/resize/mwImage/1/1349/464/75/dam/disneyland/attractions/disneyland/sleeping-beauty-castle-walkthrough/sleeping-beauty-castle-exterior-16x9.jpg"
  },
  {
    "nome": "Universal Studios Japan",
    "localizacao": "Osaka, Japão",
    "descricao": "Parque temático baseado em filmes da Universal, incluindo áreas de Harry Potter, Jurassic Park e Super Nintendo World.",
    "urlImagem": "https://upload.wikimedia.org/wikipedia/commons/f/fd/USJ_5years.JPG"
  },
  {
    "nome": "Super Nintendo World",
    "localizacao": "Osaka, Japão",
    "descricao": "Área temática dedicada ao universo da Nintendo com atrações imersivas de Mario, Yoshi e outros personagens icônicos.",
    "urlImagem": "https://upload.wikimedia.org/wikipedia/commons/6/6d/Super_Nintendo_World_%28Universal_Studios_Japan%29.png"
  },
  {
    "nome": "Universal's Islands of Adventure",
    "localizacao": "Orlando, Flórida, EUA",
    "descricao": "Conhecido pelas montanhas-russas e pela área do Mundo Mágico de Harry Potter.",
    "urlImagem": "https://behindthethrills.com/wp-content/uploads/2021/06/ioa_map_light-edited.jpg"
  },
  {
    "nome": "Ferrari World",
    "localizacao": "Abu Dhabi, Emirados Árabes Unidos",
    "descricao": "Parque temático dedicado à Ferrari, lar da montanha-russa mais rápida do mundo.",
    "urlImagem": "https://media-cdn.tripadvisor.com/media/attractions-splice-spp-674x446/0a/98/f5/6c.jpg"
  }
]